timestamp,inference_time_ms,success
2025-09-24T14:06:19.165120,216.62,True

2025-09-25T11:03:53.903894,847.51,False
2025-09-25T11:05:26.876368,636.34,False
2025-09-25T11:09:05.070159,206.3,False
2025-09-25T11:15:12.503539,597.26,False
2025-09-25T11:16:33.408546,9898392.18,False
2025-09-25T11:16:33.408913,606.19,False
2025-09-25T11:18:17.665930,555.49,True
2025-09-25T11:20:01.617045,528.0,True
2025-09-25T11:21:25.040664,601.0,True
2025-09-25T11:27:21.461868,614.56,True
2025-09-25T11:31:27.929680,598.36,True
2025-09-25T11:33:17.934036,628.77,True
2025-09-25T11:37:35.556692,794.08,True
2025-09-25T11:38:57.806523,615.57,True
2025-09-25T11:42:27.892474,11452876.03,False
2025-09-25T11:42:27.892866,701.04,False
2025-09-25T11:43:18.711100,11503694.58,False
2025-09-25T11:43:18.711838,758.69,False
2025-09-25T11:44:10.238862,11555222.53,False
2025-09-25T11:44:10.239149,691.58,False
2025-09-25T11:45:14.606058,11619589.66,False
2025-09-25T11:45:14.606578,791.05,False
2025-09-25T11:46:16.037550,11681021.15,False
2025-09-25T11:46:16.038029,646.35,False
2025-09-25T11:47:27.629358,11752612.95,False
2025-09-25T11:47:27.629801,717.26,False
2025-09-25T11:48:27.340194,810.28,True
2025-09-25T11:56:09.558079,811.31,True
2025-09-25T11:59:26.251952,779.08,True
2025-09-25T12:00:33.166690,763.28,True
2025-09-25T12:05:52.148388,269.69,True
2025-09-25T13:53:23.062838,19308046.52,False
2025-09-25T13:53:23.063490,256.85,False
2025-09-25T13:53:51.787598,777.67,True
2025-09-25T14:03:30.743475,19915727.06,False
2025-09-25T14:03:30.743932,767.23,False
2025-09-25T14:06:51.196494,20116180.14,False
2025-09-25T14:06:51.197021,242.15,False
2025-09-25T14:07:33.714633,888.93,True
2025-09-25T14:09:20.344210,20265327.79,False
2025-09-25T14:09:20.344728,762.84,False
2025-09-25T14:10:08.726953,20313710.52,False
2025-09-25T14:10:08.727484,890.92,False
2025-09-25T14:36:05.032872,21870016.44,False
2025-09-25T14:36:05.033605,633.95,False
2025-09-25T15:22:17.962400,24642945.93,False
2025-09-25T15:23:16.409495,24701393.05,False
2025-09-25T15:23:54.351296,24739334.88,False
